id_fazenda;status;latitude_referencia;longitude_referencia;area_ha_referencia;raio_equivalente_m;metodo_geometria;raio_analise_m;limiar_drenagem_km2;raio_busca_drenagem_m;declividade_media_graus;posicao_topografica_relativa_m;distancia_drenagem_m;area_drenagem_montante_km2;schema_version;algorithm_version;fontes_json;qualidade_json;erros_json;cache_chave;input_fingerprint;calculado_em_utc
1;sucesso;-12.5450;-55.7210;;;;1000.0;10.0;50000.0;3.218681454390301;-1.4572099709396866;2001.6526322274353;850.3291015625;1;fase1-v3;"[{""identificador"":""USGS/SRTMGL1_003"",""banda"":""elevation"",""resolucao_m"":30.0},{""identificador"":""MERIT/Hydro/v1_0_1"",""banda"":""upa"",""resolucao_m"":92.77}]";"{""cobertura_srtm_pct"":100.0,""pixels_srtm_validos"":3541,""drenagem_encontrada"":true,""pixel_drenagem"":{""latitude"":-12.534783987506557,""longitude"":-55.705798748453404},""candidatos_drenagem"":32,""distancia_geodesica_final_m"":2001.6526322274353,""upa_atende_limiar"":true,""distancia_limitada_pelo_raio_busca"":false,""representatividade"":""entorno_de_ponto"",""flags"":[""coordenada_pontual_nao_representa_poligono_da_fazenda"",""distancia_geodesica_calculada_do_centro_do_pixel_merit""]}";[];c74d84be718ff35a0f39d2b60d6dd9a88b36654d0eebef4709612dbc4cd206f1;3179216cc2727eed342fbcbd0f884d459039c6516a1a1b5945b4f3442ea38035;2026-08-14T23:49:51.665601+00:00
4;erro;-12.64;-56.0;300.0;977.2050238058398;circulo_equivalente_por_area;1000.0;10.0;50000.0;;;;;1;fase1-v3;"[{""identificador"":""USGS/SRTMGL1_003"",""banda"":""elevation"",""resolucao_m"":30.0},{""identificador"":""MERIT/Hydro/v1_0_1"",""banda"":""upa"",""resolucao_m"":92.77}]";"{""cobertura_srtm_pct"":null,""pixels_srtm_validos"":null,""drenagem_encontrada"":false,""pixel_drenagem"":null,""candidatos_drenagem"":0,""distancia_geodesica_final_m"":null,""upa_atende_limiar"":null,""distancia_limitada_pelo_raio_busca"":false,""representatividade"":""entorno_de_ponto"",""flags"":[""coordenada_pontual_nao_representa_poligono_da_fazenda""]}";"[{""codigo"":""configuracao_ausente"",""fonte"":""earth_engine"",""tipo"":""ErroConfiguracaoGeoespacial"",""detalhe"":""EARTH_ENGINE_PROJECT não configurado""}]";68f4648b750f372ed20abcf4a0e7ffccf20fda29bfb16978c5963448ecba8a6f;069289c5d0a507b99b348bf906d8c1c678dc4c1e80585bbb1d5a323187dac733;2026-08-15T02:44:59.431103+00:00
5;sucesso;-9.972778;-67.813611;250.0;892.0620580763856;circulo_equivalente_por_area;1000.0;10.0;50000.0;3.3773201434481805;9.28526539980379;211.31096309332332;23407.78515625;1;fase1-v3;"[{""identificador"":""USGS/SRTMGL1_003"",""banda"":""elevation"",""resolucao_m"":30.0},{""identificador"":""MERIT/Hydro/v1_0_1"",""banda"":""upa"",""resolucao_m"":92.77}]";"{""cobertura_srtm_pct"":100.0,""pixels_srtm_validos"":3509,""drenagem_encontrada"":true,""pixel_drenagem"":{""latitude"":-9.974680289859919,""longitude"":-67.81378918566301},""candidatos_drenagem"":32,""distancia_geodesica_final_m"":211.31096309332332,""upa_atende_limiar"":true,""distancia_limitada_pelo_raio_busca"":false,""representatividade"":""entorno_de_ponto"",""flags"":[""coordenada_pontual_nao_representa_poligono_da_fazenda"",""distancia_geodesica_calculada_do_centro_do_pixel_merit""]}";[];cc8d5d2be2e1685076d6c231729ef19b4615aaf13a2d018c3d5dafa55d47c6dd;329fc2c4aec80011ba313c4982e99ec8d06bf941e5cde5f9854cd96a62833e2a;2026-08-15T03:20:20.396596+00:00
6;sucesso;-21.245278;-44.999722;300.0;977.2050238058398;circulo_equivalente_por_area;1000.0;10.0;50000.0;7.736763071859638;17.5956683433983;1734.5975284662293;13.21047306060791;1;fase1-v3;"[{""identificador"":""USGS/SRTMGL1_003"",""banda"":""elevation"",""resolucao_m"":30.0},{""identificador"":""MERIT/Hydro/v1_0_1"",""banda"":""upa"",""resolucao_m"":92.77}]";"{""cobertura_srtm_pct"":100.0,""pixels_srtm_validos"":3714,""drenagem_encontrada"":true,""pixel_drenagem"":{""latitude"":-21.231802929121216,""longitude"":-44.99119808418166},""candidatos_drenagem"":32,""distancia_geodesica_final_m"":1734.5975284662293,""upa_atende_limiar"":true,""distancia_limitada_pelo_raio_busca"":false,""representatividade"":""entorno_de_ponto"",""flags"":[""coordenada_pontual_nao_representa_poligono_da_fazenda"",""distancia_geodesica_calculada_do_centro_do_pixel_merit""]}";[];d18ec8441cf00d26e2c95b019fd12eb84fefd40d43ce6304c974ae9e6db9befb;6cfbfab78d4d2db08509d320f13029572ece065915db58a7470a8d9f0260e3e2;2026-08-15T03:26:13.728501+00:00
7;sucesso;-23.193611;-51.184167;400.0;1128.3791670955127;circulo_equivalente_por_area;1000.0;10.0;50000.0;4.423855468766934;24.235076280669546;4250.591363825176;11.660780906677246;1;fase1-v3;"[{""identificador"":""USGS/SRTMGL1_003"",""banda"":""elevation"",""resolucao_m"":30.0},{""identificador"":""MERIT/Hydro/v1_0_1"",""banda"":""upa"",""resolucao_m"":92.77}]";"{""cobertura_srtm_pct"":100.0,""pixels_srtm_validos"":3761,""drenagem_encontrada"":true,""pixel_drenagem"":{""latitude"":-23.231883942907658,""longitude"":-51.18728239147421},""candidatos_drenagem"":32,""distancia_geodesica_final_m"":4250.591363825176,""upa_atende_limiar"":true,""distancia_limitada_pelo_raio_busca"":false,""representatividade"":""entorno_de_ponto"",""flags"":[""coordenada_pontual_nao_representa_poligono_da_fazenda"",""distancia_geodesica_calculada_do_centro_do_pixel_merit""]}";[];8728b0c87690a6ae6bf083723d08bb98b52e727e303ae8d076f9f84cbb71fe83;05ad2f1c01f41fd03d37e7538f0394621b4208593acdee153975cd3bed2af3d4;2026-08-15T03:29:46.277293+00:00
2;sucesso;-11.8644;-55.5025;;;;1000.0;10.0;50000.0;1.87451543453585;0.18510791614528443;3200.4252959885475;12.351632118225098;1;fase1-v3;"[{""identificador"":""USGS/SRTMGL1_003"",""banda"":""elevation"",""resolucao_m"":30.0},{""identificador"":""MERIT/Hydro/v1_0_1"",""banda"":""upa"",""resolucao_m"":92.77}]";"{""cobertura_srtm_pct"":100.0,""pixels_srtm_validos"":3535,""drenagem_encontrada"":true,""pixel_drenagem"":{""latitude"":-11.878090721313342,""longitude"":-55.47662279895704},""candidatos_drenagem"":32,""distancia_geodesica_final_m"":3200.4252959885475,""upa_atende_limiar"":true,""distancia_limitada_pelo_raio_busca"":false,""representatividade"":""entorno_de_ponto"",""flags"":[""coordenada_pontual_nao_representa_poligono_da_fazenda"",""distancia_geodesica_calculada_do_centro_do_pixel_merit""]}";[];f8fde35ba749723f69d7aa5b2210df969a0706ef2e06ef1050297cc7afdc7b54;f8f74ffea32a141a78ec445713b2b41778838e71955bbb704f6b7b7c41482e0e;2026-08-15T15:24:57.836925+00:00
3;sucesso;-16.4708;-54.6356;;;;1000.0;10.0;50000.0;2.8176267212653245;6.018210007507207;742.7525671809398;12327.8681640625;1;fase1-v3;"[{""identificador"":""USGS/SRTMGL1_003"",""banda"":""elevation"",""resolucao_m"":30.0},{""identificador"":""MERIT/Hydro/v1_0_1"",""banda"":""upa"",""resolucao_m"":92.77}]";"{""cobertura_srtm_pct"":100.0,""pixels_srtm_validos"":3603,""drenagem_encontrada"":true,""pixel_drenagem"":{""latitude"":-16.477443685933054,""longitude"":-54.636588773166736},""candidatos_drenagem"":32,""distancia_geodesica_final_m"":742.7525671809398,""upa_atende_limiar"":true,""distancia_limitada_pelo_raio_busca"":false,""representatividade"":""entorno_de_ponto"",""flags"":[""coordenada_pontual_nao_representa_poligono_da_fazenda"",""distancia_geodesica_calculada_do_centro_do_pixel_merit""]}";[];c1011c43451d47f5f27dbf4b394a0dd56912e46d9f69c1e1a2ae12f82c98ecc5;7443c12e5d3108dba8971969eeac2c1d3d6fdc10930490bf26a33a508c3e4d9c;2026-08-15T15:25:12.507050+00:00
8;sucesso;-29.2168;-56.4274;650.0;1438.406847937898;circulo_equivalente_por_area;1000.0;10.0;50000.0;1.828915562450951;-5.702207320369908;1903.6193496101491;10.880915641784668;1;fase1-v3;"[{""identificador"":""USGS/SRTMGL1_003"",""banda"":""elevation"",""resolucao_m"":30.0},{""identificador"":""MERIT/Hydro/v1_0_1"",""banda"":""upa"",""resolucao_m"":92.77}]";"{""cobertura_srtm_pct"":100.0,""pixels_srtm_validos"":3965,""drenagem_encontrada"":true,""pixel_drenagem"":{""latitude"":-29.199625667792915,""longitude"":-56.42749464759467},""candidatos_drenagem"":32,""distancia_geodesica_final_m"":1903.6193496101491,""upa_atende_limiar"":true,""distancia_limitada_pelo_raio_busca"":false,""representatividade"":""entorno_de_ponto"",""flags"":[""coordenada_pontual_nao_representa_poligono_da_fazenda"",""distancia_geodesica_calculada_do_centro_do_pixel_merit""]}";[];d07f9876b506e0c2b3be4b5e587173d41a63a09ae0e38dffa4661e2e4585d581;7bbd9b4a2d9e0facfade6ab95e9145cd153e5517496006fbcbb95f80be52c9fb;2026-08-20T01:45:18.329529+00:00
9;sucesso;-31.4021;-54.1437;720.0;1513.879513212096;circulo_equivalente_por_area;1000.0;10.0;50000.0;2.95540994179543;-10.154565377177363;2388.366559473281;19.461137771606445;1;fase1-v3;"[{""identificador"":""USGS/SRTMGL1_003"",""banda"":""elevation"",""resolucao_m"":30.0},{""identificador"":""MERIT/Hydro/v1_0_1"",""banda"":""upa"",""resolucao_m"":92.77}]";"{""cobertura_srtm_pct"":100.0,""pixels_srtm_validos"":4056,""drenagem_encontrada"":true,""pixel_drenagem"":{""latitude"":-31.42054896018493,""longitude"":-54.13073495009658},""candidatos_drenagem"":32,""distancia_geodesica_final_m"":2388.366559473281,""upa_atende_limiar"":true,""distancia_limitada_pelo_raio_busca"":false,""representatividade"":""entorno_de_ponto"",""flags"":[""coordenada_pontual_nao_representa_poligono_da_fazenda"",""distancia_geodesica_calculada_do_centro_do_pixel_merit""]}";[];e7800fe3112aabe300867b25a03fa43cf343db0c90efd8c31e2b7639b1d31b00;39dd26693cb4da388bcbd1af1fb69bd1e804f3f8caf591da8c654c44fdc6c191;2026-08-20T01:49:12.929752+00:00
10;sucesso;-29.1537;-51.5742;180.0;756.939756606048;circulo_equivalente_por_area;1000.0;10.0;50000.0;21.796812533720253;94.52031543997225;422.2184757807948;37.90335464477539;1;fase1-v3;"[{""identificador"":""USGS/SRTMGL1_003"",""banda"":""elevation"",""resolucao_m"":30.0},{""identificador"":""MERIT/Hydro/v1_0_1"",""banda"":""upa"",""resolucao_m"":92.77}]";"{""cobertura_srtm_pct"":100.0,""pixels_srtm_validos"":3956,""drenagem_encontrada"":true,""pixel_drenagem"":{""latitude"":-29.157123946249953,""longitude"":-51.572297986628115},""candidatos_drenagem"":32,""distancia_geodesica_final_m"":422.2184757807948,""upa_atende_limiar"":true,""distancia_limitada_pelo_raio_busca"":false,""representatividade"":""entorno_de_ponto"",""flags"":[""coordenada_pontual_nao_representa_poligono_da_fazenda"",""distancia_geodesica_calculada_do_centro_do_pixel_merit""]}";[];09c40fef730842cb817c1e8a57554a59aa68af041effe85b2fea3cfd05bb421e;5487691f78ab99e406a6a364424e2a3f7c32b4ef90ce1382d61ca692c61c7dba;2026-08-20T01:50:58.592182+00:00
11;sucesso;-25.4328;-51.5287;420.0;1156.2445770562217;circulo_equivalente_por_area;1000.0;10.0;50000.0;6.442129088455481;30.61939028426275;568.0419381382359;846.8637084960938;1;fase1-v3;"[{""identificador"":""USGS/SRTMGL1_003"",""banda"":""elevation"",""resolucao_m"":30.0},{""identificador"":""MERIT/Hydro/v1_0_1"",""banda"":""upa"",""resolucao_m"":92.77}]";"{""cobertura_srtm_pct"":100.0,""pixels_srtm_validos"":3826,""drenagem_encontrada"":true,""pixel_drenagem"":{""latitude"":-25.433639792250887,""longitude"":-51.523129328372534},""candidatos_drenagem"":32,""distancia_geodesica_final_m"":568.0419381382359,""upa_atende_limiar"":true,""distancia_limitada_pelo_raio_busca"":false,""representatividade"":""entorno_de_ponto"",""flags"":[""coordenada_pontual_nao_representa_poligono_da_fazenda"",""distancia_geodesica_calculada_do_centro_do_pixel_merit""]}";[];e0c7263199296bfdebd7e60351850bd103630d7bbe70b8a0c322ec5d334749f5;e2bf638567075e8d4d6d2aba9200e135511845fc78093002750474ce3721be34;2026-08-20T01:52:26.786461+00:00
12;sucesso;-24.9879;-53.3324;520.0;1286.5501965161372;circulo_equivalente_por_area;1000.0;10.0;50000.0;4.470437702186314;12.634624066608012;2666.187792974355;10.538743019104004;1;fase1-v3;"[{""identificador"":""USGS/SRTMGL1_003"",""banda"":""elevation"",""resolucao_m"":30.0},{""identificador"":""MERIT/Hydro/v1_0_1"",""banda"":""upa"",""resolucao_m"":92.77}]";"{""cobertura_srtm_pct"":100.0,""pixels_srtm_validos"":3815,""drenagem_encontrada"":true,""pixel_drenagem"":{""latitude"":-25.01195604517757,""longitude"":-53.3315359116711},""candidatos_drenagem"":32,""distancia_geodesica_final_m"":2666.187792974355,""upa_atende_limiar"":true,""distancia_limitada_pelo_raio_busca"":false,""representatividade"":""entorno_de_ponto"",""flags"":[""coordenada_pontual_nao_representa_poligono_da_fazenda"",""distancia_geodesica_calculada_do_centro_do_pixel_merit""]}";[];442d196468d8fd7a2b002513eba197ea613a768ff91caed172d203914c20ff3d;a84f538e98f88e0f5a4864e30648900063a6d7a78b5ff1afeea759aa403299a2;2026-08-20T01:54:03.811658+00:00
13;sucesso;-27.8976;-50.2154;380.0;1099.807968464679;circulo_equivalente_por_area;1000.0;10.0;50000.0;11.474515056472498;-17.14837149326104;236.1220399610247;21.904115676879883;1;fase1-v3;"[{""identificador"":""USGS/SRTMGL1_003"",""banda"":""elevation"",""resolucao_m"":30.0},{""identificador"":""MERIT/Hydro/v1_0_1"",""banda"":""upa"",""resolucao_m"":92.77}]";"{""cobertura_srtm_pct"":100.0,""pixels_srtm_validos"":3916,""drenagem_encontrada"":true,""pixel_drenagem"":{""latitude"":-27.897072907564507,""longitude"":-50.21307626434242},""candidatos_drenagem"":32,""distancia_geodesica_final_m"":236.1220399610247,""upa_atende_limiar"":true,""distancia_limitada_pelo_raio_busca"":false,""representatividade"":""entorno_de_ponto"",""flags"":[""coordenada_pontual_nao_representa_poligono_da_fazenda"",""distancia_geodesica_calculada_do_centro_do_pixel_merit""]}";[];8dae7d558a96f346f63bcf75031632c238454cb353c2484d2c51764f89940edc;ac0c82bb69cfa6fc98aae2a97fa15fdba4efb7ec78d3946acfb15cbef130ac53;2026-08-20T01:56:00.794694+00:00
14;sucesso;-14.6562;-52.4869;1050.0;1828.183197857863;circulo_equivalente_por_area;1000.0;10.0;50000.0;2.5927838376695638;0.038311249264552316;445.5059039744231;24830.365234375;1;fase1-v3;"[{""identificador"":""USGS/SRTMGL1_003"",""banda"":""elevation"",""resolucao_m"":30.0},{""identificador"":""MERIT/Hydro/v1_0_1"",""banda"":""upa"",""resolucao_m"":92.77}]";"{""cobertura_srtm_pct"":100.0,""pixels_srtm_validos"":3571,""drenagem_encontrada"":true,""pixel_drenagem"":{""latitude"":-14.659036697565554,""longitude"":-52.489835151702636},""candidatos_drenagem"":32,""distancia_geodesica_final_m"":445.5059039744231,""upa_atende_limiar"":true,""distancia_limitada_pelo_raio_busca"":false,""representatividade"":""entorno_de_ponto"",""flags"":[""coordenada_pontual_nao_representa_poligono_da_fazenda"",""distancia_geodesica_calculada_do_centro_do_pixel_merit""]}";[];48d579fa10375cfd98d8fca7cad185bc9f172cd05f5d4a0bb40718f8ff7e578b;2bc135ac2e81aaaa95400a36cf97d647eaa0d153540d27e912be86762b29dc37;2026-08-20T01:57:28.631060+00:00
15;sucesso;-11.8357;-49.2678;1200.0;1954.4100476116796;circulo_equivalente_por_area;1000.0;10.0;50000.0;3.202739634952753;5.694580597018273;2930.3192515021046;79.958984375;1;fase1-v3;"[{""identificador"":""USGS/SRTMGL1_003"",""banda"":""elevation"",""resolucao_m"":30.0},{""identificador"":""MERIT/Hydro/v1_0_1"",""banda"":""upa"",""resolucao_m"":92.77}]";"{""cobertura_srtm_pct"":100.0,""pixels_srtm_validos"":3538,""drenagem_encontrada"":true,""pixel_drenagem"":{""latitude"":-11.840589202304841,""longitude"":-49.24137023847783},""candidatos_drenagem"":32,""distancia_geodesica_final_m"":2930.3192515021046,""upa_atende_limiar"":true,""distancia_limitada_pelo_raio_busca"":false,""representatividade"":""entorno_de_ponto"",""flags"":[""coordenada_pontual_nao_representa_poligono_da_fazenda"",""distancia_geodesica_calculada_do_centro_do_pixel_merit""]}";[];4a46e404f16093e1469a725a194d5a0f3b1604610dcbeb8be3ea399f9f256a89;0ec5249665cf3e26f7088bd724b407efdf4d2a734631908948ae0af5fb925d36;2026-08-20T01:59:52.014414+00:00
16;sucesso;-21.2298;-47.7086;540.0;1311.058116710495;circulo_equivalente_por_area;1000.0;10.0;50000.0;5.237475415445521;-7.24879541772259;767.8476577251612;23.228958129882812;1;fase1-v3;"[{""identificador"":""USGS/SRTMGL1_003"",""banda"":""elevation"",""resolucao_m"":30.0},{""identificador"":""MERIT/Hydro/v1_0_1"",""banda"":""upa"",""resolucao_m"":92.77}]";"{""cobertura_srtm_pct"":100.0,""pixels_srtm_validos"":3710,""drenagem_encontrada"":true,""pixel_drenagem"":{""latitude"":-21.234303030388446,""longitude"":-47.70297459204045},""candidatos_drenagem"":32,""distancia_geodesica_final_m"":767.8476577251612,""upa_atende_limiar"":true,""distancia_limitada_pelo_raio_busca"":false,""representatividade"":""entorno_de_ponto"",""flags"":[""coordenada_pontual_nao_representa_poligono_da_fazenda"",""distancia_geodesica_calculada_do_centro_do_pixel_merit""]}";[];d7577277e2d49018feee68855f44755ab018e2f14a4f7f59186d358c2fd11b06;593d44227040595760d4d63ca01c36f29e245a2718247910ddc9d421d08e81ba;2026-08-20T02:01:37.959325+00:00
17;sucesso;-17.8754;-50.8827;950.0;1738.949084575512;circulo_equivalente_por_area;1000.0;10.0;50000.0;2.9182634086060952;3.4782568319931215;1678.739925116125;110.6627426147461;1;fase1-v3;"[{""identificador"":""USGS/SRTMGL1_003"",""banda"":""elevation"",""resolucao_m"":30.0},{""identificador"":""MERIT/Hydro/v1_0_1"",""banda"":""upa"",""resolucao_m"":92.77}]";"{""cobertura_srtm_pct"":100.0,""pixels_srtm_validos"":3628,""drenagem_encontrada"":true,""pixel_drenagem"":{""latitude"":-17.863333155069242,""longitude"":-50.87310299889194},""candidatos_drenagem"":32,""distancia_geodesica_final_m"":1678.739925116125,""upa_atende_limiar"":true,""distancia_limitada_pelo_raio_busca"":false,""representatividade"":""entorno_de_ponto"",""flags"":[""coordenada_pontual_nao_representa_poligono_da_fazenda"",""distancia_geodesica_calculada_do_centro_do_pixel_merit""]}";[];aa97d2591505153aa2e7766431b8e26d68838e61e803e44781c012e1896d25bf;fa8ce8bd12bbf30e1473303a0a40ca9aa6a47598dbf68fd5d5d20640271331f8;2026-08-20T02:03:17.515821+00:00
18;erro;-22.34;-13.05;50.0;398.9422804014327;circulo_equivalente_por_area;1000.0;10.0;50000.0;;;;;1;fase1-v3;"[{""identificador"":""USGS/SRTMGL1_003"",""banda"":""elevation"",""resolucao_m"":30.0},{""identificador"":""MERIT/Hydro/v1_0_1"",""banda"":""upa"",""resolucao_m"":92.77}]";"{""cobertura_srtm_pct"":null,""pixels_srtm_validos"":null,""drenagem_encontrada"":false,""pixel_drenagem"":null,""candidatos_drenagem"":0,""distancia_geodesica_final_m"":null,""upa_atende_limiar"":null,""distancia_limitada_pelo_raio_busca"":false,""representatividade"":""entorno_de_ponto"",""flags"":[""coordenada_pontual_nao_representa_poligono_da_fazenda""]}";"[{""codigo"":""configuracao_ausente"",""fonte"":""earth_engine"",""tipo"":""ErroConfiguracaoGeoespacial"",""detalhe"":""EARTH_ENGINE_PROJECT não configurado""}]";5ea86f7612b5c94bc820e6e3cab5227f86edcf880991346696d58bd6ea06f4ac;6e9b22f8d1ff452fbbd86b1cfd7a2290c1950d1ca73682d99699e294a6e391f2;2026-08-26T13:38:46.188959+00:00
